"Pages ","Traitée par",Terminée?,"Infos laissées de côté"
,,,
,,,
,,,
,,,
,,,
,,,
,,,
,,,
,,,
,,,
,,,
,,,
,,,
,,,
,Paul,ok,
,Paul,ok,
,Paul,ok,
,Paul,ok,
,Paul,ok,
,Paul,ok,
,Paul,ok,
,Paul,ok,
,Paul,ok,
,,o,
,,o,
,,o,
,,o,
,,o,
,,o,
,,o,
,,o,
,,o,
,,o,
,,o,
,,o,
,,o,
,,o,
,,o,"Décisions politiques et impacts : Carrefour premier bénéficiaire du CICE"
,,o,
,,o,"- Niel /.../ avait offert /aux Macrons/ d’utiliser ses « réseaux » pour tenter  de vérifier et d’éventuellement faire taire une information.
- Meidapart publie une vraie-fausse enquête sur Niel"
,,o,
,,n,
